eserDepositFromExternal,1
userDepositFromExternal,1
userDepositFromExternal,1
userDepositFromExternal,1
userDepositFromExternal,1
userDepositFromExternal,1
userDepositFromExternal,1
userDepositFromExternal,1
userDepositFromExternal,1
userDepositFromExternal,1
userDepositFromExternal,1
userDepositFromExternal,1
userDepositFromExternal,1
userDepositFromExternal,1
userDepositFromExternal,1
userDepositFromExternal,1
userDepositFromExternal,1
userDepositFromExternal,1
userDepositFromExternal,1
userDepositFromExternal,1
userDepositFromExternal,1
userDepositFromExternal,1
userDepositFromExternal,1
userDepositFromExternal,1
userDepositFromExternal,1
userDepositFromExternal,1
userDepositFromExternal,1
userDepositFromExternal,1
userDepositFromExternal,1
userDepositFromExternal,1
userDepositFromExternal,1
userDepositFromExternal,1
userDepositFromExternal,1
userDepositFromExternal,1
userDepositFromExternal,1
userDepositFromExternal,1
userDepositFromExternal,1
userDepositFromExternal,1
userDepositFromExternal,1
userDepositFromExternal,1
userDepositFromExternal,1
userDepositFromExternal,1
userDepositFromExternal,1
userDepositFromExternal,1
userDepositFromExternal,1
userDepositFromExternal,1
userDepositFromExternal,1
userDepositFromExternal,1
userDepositFromExternal,1
userDepositFromExternal,1
userDepositFromExternal,1
userDepositFromExternal,1
userDepositFromExternal,1
userDepositFromExternal,1
userDepositFromExternal,1
userDepositFromExternal,1
userDepositFromExternal,1
userDepositFromExternal,1
userDepositFromExternal,1
userDepositFromExternal,1
userDepositFromExternal,1
userDepositFromExternal,1
userDepositFromExternal,1
userDepositFromExternal,1
userDepositFromExternal,1
userDepositFromExternal,1
userDepositFromExternal,1
userDepositFromExternal,1
userDepositFromExternal,1
userDepositFromExternal,1
userDepositFromExternal,1
userDepositFromExternal,1
userDepositFromExternal,1
userDepositFromExternal,1
userDepositFromExternal,1
userDepositFromExternal,1
userDepositFromExternal,1
userDepositFromExternal,1
userDepositFromExternal,1
userDepositFromExternal,1
userDepositFromExternal,1
userDepositFromExternal,1
userDepositFromExternal,1
userDepositFromExternal,1
userDepositFromExternal,1
userDepositFromExternal,1
userDepositFromExternal,1
userDepositFromExternal,1
userDepositFromExternal,1
userDepositFromExternal,1
userDepositFromExternal,1
userDepositFromExternal,1
userDepositFromExternal,1
userDepositFromExternal,1
userDepositFromExternal,1
userDepositFromExternal,1
userDepositFromExternal,1
userDepositFromExternal,1
userDepositFromExternal,1
userDepositFromExternal,1
userDepositFromExternal,1
userDepositFromExternal,1
userDepositFromExternal,1
userDepositFromExternal,1
userDepositFromExternal,1
userDepositFromExternal,1
userDepositFromExternal,1
userDepositFromExternal,1
userDepositFromExternal,1
userDepositFromExternal,1
userDepositFromExternal,1
userDepositFromExternal,1
userDepositFromExternal,1
userDepositFromExternal,1
userDepositFromExternal,1
userDepositFromExternal,1
userDepositFromExternal,1
userDepositFromExternal,1
userDepositFromExternal,1
userDepositFromExternal,1
userDepositFromExternal,1
userDepositFromExternal,1
userDepositFromExternal,1
userDepositFromExternal,1
userDepositFromExternal,1
userDepositFromExternal,1
userDepositFromExternal,1
userDepositFromExternal,1
userDepositFromExternal,1
userDepositFromExternal,1
userDepositFromExternal,1
userDepositFromExternal,1
userDepositFromExternal,1
userDepositFromExternal,1
userDepositFromExternal,1
userDepositFromExternal,1
userDepositFromExternal,1
userDepositFromExternal,1
userDepositFromExternal,1
userDepositFromExternal,1
userDepositFromExternal,1
userDepositFromExternal,1
userDepositFromExternal,1
userDepositFromExternal,1
userDepositFromExternal,1
userDepositFromExternal,1
userDepositFromExternal,1
userDepositFromExternal,1
userDepositFromExternal,1
userDepositFromExternal,1
userDepositFromExternal,1
userDepositFromExternal,1
userDepositFromExternal,1
userDepositFromExternal,1
userDepositFromExternal,1
userDepositFromExternal,1
userDepositFromExternal,1
userDepositFromExternal,1
userDepositFromExternal,1
userDepositFromExternal,1
userDepositFromExternal,1
userDepositFromExternal,1
userDepositFromExternal,1
userDepositFromExternal,1
userDepositFromExternal,1
userDepositFromExternal,1
userDepositFromExternal,1
userDepositFromExternal,1
userDepositFromExternal,1
userDepositFromExternal,1
userDepositFromExternal,1
userDepositFromExternal,1
userDepositFromExternal,1
userDepositFromExternal,1
userDepositFromExternal,1
userDepositFromExternal,1
userDepositFromExternal,1
userDepositFromExternal,1
userDepositFromExternal,1
userDepositFromExternal,1
userDepositFromExternal,1
userDepositFromExternal,1
userDepositFromExternal,1
userDepositFromExternal,1
userDepositFromExternal,1
userDepositFromExternal,1
userDepositFromExternal,1
userDepositFromExternal,1
userDepositFromExternal,1
userDepositFromExternal,1
userDepositFromExternal,1
userDepositFromExternal,1
userDepositFromExternal,1
userDepositFromExternal,1
userDepositFromExternal,1
userDepositFromExternal,1
userDepositFromExternal,1
userDepositFromExternal,1
userDepositFromExternal,1
userDepositFromExternal,1
userDepositFromExternal,1
userDepositFromExternal,1
userDepositFromExternal,1
userDepositFromExternal,1
userDepositFromExternal,1
userDepositFromExternal,1
userDepositFromExternal,1
userDepositFromExternal,1
userDepositFromExternal,1
userDepositFromExternal,1
userDepositFromExternal,1
userDepositFromExternal,1
userDepositFromExternal,1
userDepositFromExternal,1
userDepositFromExternal,1
userDepositFromExternal,1
userDepositFromExternal,1
userDepositFromExternal,1
userDepositFromExternal,1
userDepositFromExternal,1
userDepositFromExternal,1
userDepositFromExternal,1
userDepositFromExternal,1
userDepositFromExternal,1
userDepositFromExternal,1
userDepositFromExternal,1
userDepositFromExternal,1
userDepositFromExternal,1
userDepositFromExternal,1
userDepositFromExternal,1
userDepositFromExternal,1
userDepositFromExternal,1
userDepositFromExternal,1
userDepositFromExternal,1
userDepositFromExternal,1
userDepositFromExternal,1
userDepositFromExternal,1
userDepositFromExternal,1
userDepositFromExternal,1
userDepositFromExternal,1
userDepositFromExternal,1
userDepositFromExternal,1
userDepositFromExternal,1
userDepositFromExternal,1
userDepositFromExternal,1
userDepositFromExternal,1
userDepositFromExternal,1
userDepositFromExternal,1
userDepositFromExternal,1
userDepositFromExternal,1
userDepositFromExternal,1
userDepositFromExternal,1
userDepositFromExternal,1
userDepositFromExternal,1
userDepositFromExternal,1
userDepositFromExternal,1
userDepositFromExternal,1
userDepositFromExternal,1
userDepositFromExternal,1
userDepositFromExternal,1
userDepositFromExternal,1
userDepositFromExternal,1
userDepositFromExternal,1
userDepositFromExternal,1
userDepositFromExternal,1
userDepositFromExternal,1
userDepositFromExternal,1
userDepositFromExternal,1
userDepositFromExternal,1
userDepositFromExternal,1
userDepositFromExternal,1
userDepositFromExternal,1
userDepositFromExternal,1
userDepositFromExternal,1
userDepositFromExternal,1
userDepositFromExternal,1
userDepositFromExternal,1
userDepositFromExternal,1
userDepositFromExternal,1
userDepositFromExternal,1
userDepositFromExternal,1
userDepositFromExternal,1
userDepositFromExternal,1
userDepositFromExternal,1
userDepositFromExternal,1
userDepositFromExternal,1
userDepositFromExternal,1
userDepositFromExternal,1
userDepositFromExternal,1
userDepositFromExternal,1
userDepositFromExternal,1
userDepositFromExternal,1
userDepositFromExternal,1
userDepositFromExternal,1
userDepositFromExternal,1
userDepositFromExternal,1
userDepositFromExternal,1
userDepositFromExternal,1
userDepositFromExternal,1
userDepositFromExternal,1
userDepositFromExternal,1
userDepositFromExternal,1
userDepositFromExternal,1
userDepositFromExternal,1
userDepositFromExternal,1
userDepositFromExternal,1
userDepositFromExternal,1
userDepositFromExternal,1
userDepositFromExternal,1
userDepositFromExternal,1
userDepositFromExternal,1
userDepositFromExternal,1
userDepositFromExternal,1
userDepositFromExternal,1
userDepositFromExternal,1
userDepositFromExternal,1
userDepositFromExternal,1
userDepositFromExternal,1
userDepositFromExternal,1
userDepositFromExternal,1
userDepositFromExternal,1
userDepositFromExternal,1
userDepositFromExternal,1
userDepositFromExternal,1
userDepositFromExternal,1
userDepositFromExternal,1
userDepositFromExternal,1
userDepositFromExternal,1
userDepositFromExternal,1
userDepositFromExternal,1
userDepositFromExternal,1
userDepositFromExternal,1
userDepositFromExternal,1
userDepositFromExternal,1
userDepositFromExternal,1
userDepositFromExternal,1
userDepositFromExternal,1
userDepositFromExternal,1
userDepositFromExternal,1
userDepositFromExternal,1
userDepositFromExternal,1
userDepositFromExternal,1
userDepositFromExternal,1
userDepositFromExternal,1
userDepositFromExternal,1
userDepositFromExternal,1
userDepositFromExternal,1
userDepositFromExternal,1
userDepositFromExternal,1
userDepositFromExternal,1
userDepositFromExternal,1
userDepositFromExternal,1
userDepositFromExternal,1
userDepositFromExternal,1
userDepositFromExternal,1
userDepositFromExternal,1
userDepositFromExternal,1
userDepositFromExternal,1
userDepositFromExternal,1
userDepositFromExternal,1
userDepositFromExternal,1
userDepositFromExternal,1
userDepositFromExternal,1
userDepositFromExternal,1
userDepositFromExternal,1
userDepositFromExternal,1
userDepositFromExternal,1
userDepositFromExternal,1
userDepositFromExternal,1
userDepositFromExternal,1
userDepositFromExternal,1
userDepositFromExternal,1
userDepositFromExternal,1
userDepositFromExternal,1
userDepositFromExternal,1
userDepositFromExternal,1
userDepositFromExternal,1
userDepositFromExternal,1
userDepositFromExternal,1
userDepositFromExternal,1
userDepositFromExternal,1
userDepositFromExternal,1
userDepositFromExternal,1
userDepositFromExternal,1
userDepositFromExternal,1
userDepositFromExternal,1
userDepositFromExternal,1
userDepositFromExternal,1
userDepositFromExternal,1
userDepositFromExternal,1
userDepositFromExternal,1
userDepositFromExternal,1
userDepositFromExternal,1
userDepositFromExternal,1
userDepositFromExternal,1
userDepositFromExternal,1
userDepositFromExternal,1
userDepositFromExternal,1
userDepositFromExternal,1
userDepositFromExternal,1
userDepositFromExternal,1
userDepositFromExternal,1
userDepositFromExternal,1
userDepositFromExternal,1
userDepositFromExternal,1
userDepositFromExternal,1
userDepositFromExternal,1
userDepositFromExternal,1
userDepositFromExternal,1
userDepositFromExternal,1
userDepositFromExternal,1
userDepositFromExternal,1
userDepositFromExternal,1
userDepositFromExternal,1
userDepositFromExternal,1
userDepositFromExternal,1
userDepositFromExternal,1
userDepositFromExternal,1
userDepositFromExternal,1
userDepositFromExternal,1
userDepositFromExternal,1
userDepositFromExternal,1
userDepositFromExternal,1
userDepositFromExternal,1
userDepositFromExternal,1
userDepositFromExternal,1
userDepositFromExternal,1
userDepositFromExternal,1
userDepositFromExternal,1
userDepositFromExternal,1
userDepositFromExternal,1
userDepositFromExternal,1
userDepositFromExternal,1
userDepositFromExternal,1
userDepositFromExternal,1
userDepositFromExternal,1
userDepositFromExternal,1
userDepositFromExternal,1
userDepositFromExternal,1
userDepositFromExternal,1
userDepositFromExternal,1
userDepositFromExternal,1
userDepositFromExternal,1
userDepositFromExternal,1
userDepositFromExternal,1
userDepositFromExternal,1
userDepositFromExternal,1
userDepositFromExternal,1
userDepositFromExternal,1
userDepositFromExternal,1
userDepositFromExternal,1
userDepositFromExternal,1
userDepositFromExternal,1
userDepositFromExternal,1
userDepositFromExternal,1
userDepositFromExternal,1
userDepositFromExternal,1
userDepositFromExternal,1
userDepositFromExternal,1
userDepositFromExternal,1
userDepositFromExternal,1
userDepositFromExternal,1
userDepositFromExternal,1
userDepositFromExternal,1
userDepositFromExternal,1
userDepositFromExternal,1
userDepositFromExternal,1
userDepositFromExternal,1
userDepositFromExternal,1
userDepositFromExternal,1
userDepositFromExternal,1
userDepositFromExternal,1
userDepositFromExternal,1
userDepositFromExternal,1
userDepositFromExternal,1
userDepositFromExternal,1
userDepositFromExternal,1
userDepositFromExternal,1
userDepositFromExternal,1
userDepositFromExternal,1
userDepositFromExternal,1
userDepositFromExternal,1
userDepositFromExternal,1
userDepositFromExternal,1
userDepositFromExternal,1
userDepositFromExternal,1
userDepositFromExternal,1
userDepositFromExternal,1
userDepositFromExternal,1
userDepositFromExternal,1
userDepositFromExternal,1
userDepositFromExternal,1
userDepositFromExternal,1
userDepositFromExternal,1
userDepositFromExternal,1
userDepositFromExternal,1
userDepositFromExternal,1
userDepositFromExternal,1
userDepositFromExternal,1
userDepositFromExternal,1
userDepositFromExternal,1
userDepositFromExternal,1
userDepositFromExternal,1
userDepositFromExternal,1
userDepositFromExternal,1
userDepositFromExternal,1
userDepositFromExternal,1
userDepositFromExternal,1
userDepositFromExternal,1
userDepositFromExternal,1
userDepositFromExternal,1
userDepositFromExternal,1
userDepositFromExternal,1
userDepositFromExternal,1
userDepositFromExternal,1
userDepositFromExternal,1
userDepositFromExternal,1
userDepositFromExternal,1
userDepositFromExternal,1
userDepositFromExternal,1
userDepositFromExternal,1
userDepositFromExternal,1
userDepositFromExternal,1
userDepositFromExternal,1
userDepositFromExternal,1
userDepositFromExternal,1
userDepositFromExternal,1
userDepositFromExternal,1
userDepositFromExternal,1
userDepositFromExternal,1
userDepositFromExternal,1
userDepositFromExternal,1
userDepositFromExternal,1
userDepositFromExternal,1
userDepositFromExternal,1
userDepositFromExternal,1
userDepositFromExternal,1
userDepositFromExternal,1
userDepositFromExternal,1
userDepositFromExternal,1
userDepositFromExternal,1
userDepositFromExternal,1
userDepositFromExternal,1
userDepositFromExternal,1
userDepositFromExternal,1
userDepositFromExternal,1
userDepositFromExternal,1
userDepositFromExternal,1
userDepositFromExternal,1
userDepositFromExternal,1
userDepositFromExternal,1
userDepositFromExternal,1
userDepositFromExternal,1
userDepositFromExternal,1
userDepositFromExternal,1
userDepositFromExternal,1
userDepositFromExternal,1
userDepositFromExternal,1
userDepositFromExternal,1
userDepositFromExternal,1
userDepositFromExternal,1
userDepositFromExternal,1
userDepositFromExternal,1
userDepositFromExternal,1
userDepositFromExternal,1
userDepositFromExternal,1
userDepositFromExternal,1
userDepositFromExternal,1
userDepositFromExternal,1
userDepositFromExternal,1
userDepositFromExternal,1
userDepositFromExternal,1
userDepositFromExternal,1
userDepositFromExternal,1
userDepositFromExternal,1
userDepositFromExternal,1
userDepositFromExternal,1
userDepositFromExternal,1
userDepositFromExternal,1
userDepositFromExternal,1
userDepositFromExternal,1
userDepositFromExternal,1
userDepositFromExternal,1
userDepositFromExternal,1
userDepositFromExternal,1
userDepositFromExternal,1
userDepositFromExternal,1
userDepositFromExternal,1
userDepositFromExternal,1
userDepositFromExternal,1
userDepositFromExternal,1
userDepositFromExternal,1
userDepositFromExternal,1
userDepositFromExternal,1
userDepositFromExternal,1
userDepositFromExternal,1
userDepositFromExternal,1
userDepositFromExternal,1
userDepositFromExternal,1
userDepositFromExternal,1
userDepositFromExternal,1
userDepositFromExternal,1
userDepositFromExternal,1
userDepositFromExternal,1
userDepositFromExternal,1
userDepositFromExternal,1
userDepositFromExternal,1
userDepositFromExternal,1
userDepositFromExternal,1
userDepositFromExternal,1
userDepositFromExternal,1
userDepositFromExternal,1
userDepositFromExternal,1
userDepositFromExternal,1
userDepositFromExternal,1
userDepositFromExternal,1
userDepositFromExternal,1
userDepositFromExternal,1
userDepositFromExternal,1
userDepositFromExternal,1
userDepositFromExternal,1
userDepositFromExternal,1
userDepositFromExternal,1
userDepositFromExternal,1
userDepositFromExternal,1
userDepositFromExternal,1
userDepositFromExternal,1
userDepositFromExternal,1
userDepositFromExternal,1
userDepositFromExternal,1
userDepositFromExternal,1
userDepositFromExternal,1
userDepositFromExternal,1
userDepositFromExternal,1
userDepositFromExternal,1
userDepositFromExternal,1
userDepositFromExternal,1
userDepositFromExternal,1
userDepositFromExternal,1
userDepositFromExternal,1
userDepositFromExternal,1
userDepositFromExternal,1
userDepositFromExternal,1
userDepositFromExternal,1
userDepositFromExternal,1
userDepositFromExternal,1
userDepositFromExternal,1
userDepositFromExternal,1
userDepositFromExternal,1
userDepositFromExternal,1
userDepositFromExternal,1
userDepositFromExternal,1
userDepositFromExternal,1
userDepositFromExternal,1
userDepositFromExternal,1
userDepositFromExternal,1
userDepositFromExternal,1
userDepositFromExternal,1
userDepositFromExternal,1
userDepositFromExternal,1
userDepositFromExternal,1
userDepositFromExternal,1
userDepositFromExternal,1
userDepositFromExternal,1
userDepositFromExternal,1
userDepositFromExternal,1
userDepositFromExternal,1
userDepositFromExternal,1
userDepositFromExternal,1
userDepositFromExternal,1
userDepositFromExternal,1
userDepositFromExternal,1
userDepositFromExternal,1
userDepositFromExternal,1
userDepositFromExternal,1
userDepositFromExternal,1
userDepositFromExternal,1
userDepositFromExternal,1
userDepositFromExternal,1
userDepositFromExternal,1
userDepositFromExternal,1
userDepositFromExternal,1
userDepositFromExternal,1
userDepositFromExternal,1
userDepositFromExternal,1
userDepositFromExternal,1
userDepositFromExternal,1
userDepositFromExternal,1
userDepositFromExternal,1
userDepositFromExternal,1
userDepositFromExternal,1
userDepositFromExternal,1
userDepositFromExternal,1
userDepositFromExternal,1
userDepositFromExternal,1
userDepositFromExternal,1
userDepositFromExternal,1
userDepositFromExternal,1
userDepositFromExternal,1
userDepositFromExternal,1
userDepositFromExternal,1
userDepositFromExternal,1
userDepositFromExternal,1
userDepositFromExternal,1
userDepositFromExternal,1
userDepositFromExternal,1
userDepositFromExternal,1
userDepositFromExternal,1
userDepositFromExternal,1
userDepositFromExternal,1
userDepositFromExternal,1
userDepositFromExternal,1
userDepositFromExternal,1
userDepositFromExternal,1
userDepositFromExternal,1
userDepositFromExternal,1
userDepositFromExternal,1
userDepositFromExternal,1
userDepositFromExternal,1
userDepositFromExternal,1
userDepositFromExternal,1
userDepositFromExternal,1
userDepositFromExternal,1
userDepositFromExternal,1
userDepositFromExternal,1
userDepositFromExternal,1
userDepositFromExternal,1
userDepositFromExternal,1
userDepositFromExternal,1
userDepositFromExternal,1
userDepositFromExternal,1
userDepositFromExternal,1
userDepositFromExternal,1
userDepositFromExternal,1
userDepositFromExternal,1
userDepositFromExternal,1
userDepositFromExternal,1
userDepositFromExternal,1
userDepositFromExternal,1
userDepositFromExternal,1
userDepositFromExternal,1
userDepositFromExternal,1
userDepositFromExternal,1
userDepositFromExternal,1
userDepositFromExternal,1
userDepositFromExternal,1
userDepositFromExternal,1
userDepositFromExternal,1
userDepositFromExternal,1
userDepositFromExternal,1
userDepositFromExternal,1
userDepositFromExternal,1
userDepositFromExternal,1
userDepositFromExternal,1
userDepositFromExternal,1
userDepositFromExternal,1
userDepositFromExternal,1
userDepositFromExternal,1
userDepositFromExternal,1
userDepositFromExternal,1
userDepositFromExternal,1
userDepositFromExternal,1
userDepositFromExternal,1
userDepositFromExternal,1
userDepositFromExternal,1
userDepositFromExternal,1
userDepositFromExternal,1
userDepositFromExternal,1
userDepositFromExternal,1
userDepositFromExternal,1
userDepositFromExternal,1
userDepositFromExternal,1
userDepositFromExternal,1
userDepositFromExternal,1
userDepositFromExternal,1
userDepositFromExternal,1
userDepositFromExternal,1
userDepositFromExternal,1
userDepositFromExternal,1
userDepositFromExternal,1
userDepositFromExternal,1
userDepositFromExternal,1
userDepositFromExternal,1
userDepositFromExternal,1
userDepositFromExternal,1
userDepositFromExternal,1
userDepositFromExternal,1
userDepositFromExternal,1
userDepositFromExternal,1
userDepositFromExternal,1
userDepositFromExternal,1
userDepositFromExternal,1
userDepositFromExternal,1
userDepositFromExternal,1
userDepositFromExternal,1
userDepositFromExternal,1
userDepositFromExternal,1
userDepositFromExternal,1
userDepositFromExternal,1
userDepositFromExternal,1
userDepositFromExternal,1
userDepositFromExternal,1
userDepositFromExternal,1
userDepositFromExternal,1
userDepositFromExternal,1
userDepositFromExternal,1
userDepositFromExternal,1
userDepositFromExternal,1
userDepositFromExternal,1
userDepositFromExternal,1
userDepositFromExternal,1
userDepositFromExternal,1
userDepositFromExternal,1
userDepositFromExternal,1
userDepositFromExternal,1
userDepositFromExternal,1
userDepositFromExternal,1
userDepositFromExternal,1
userDepositFromExternal,1
userDepositFromExternal,1
userDepositFromExternal,1
userDepositFromExternal,1
userDepositFromExternal,1
userDepositFromExternal,1
userDepositFromExternal,1
userDepositFromExternal,1
userDepositFromExternal,1
userDepositFromExternal,1
userDepositFromExternal,1
userDepositFromExternal,1
userDepositFromExternal,1
userDepositFromExternal,1
userDepositFromExternal,1
userDepositFromExternal,1
userDepositFromExternal,1
userDepositFromExternal,1
userDepositFromExternal,1
userDepositFromExternal,1
userDepositFromExternal,1
userDepositFromExternal,1
userDepositFromExternal,1
userDepositFromExternal,1
userDepositFromExternal,1
userDepositFromExternal,1
userDepositFromExternal,1
userDepositFromExternal,1
userDepositFromExternal,1
userDepositFromExternal,1
userDepositFromExternal,1
userDepositFromExternal,1
userDepositFromExternal,1
userDepositFromExternal,1
userDepositFromExternal,1
userDepositFromExternal,1
userDepositFromExternal,1
userDepositFromExternal,1
userDepositFromExternal,1
userDepositFromExternal,1
userDepositFromExternal,1
userDepositFromExternal,1
userDepositFromExternal,1
userDepositFromExternal,1
userDepositFromExternal,1
userDepositFromExternal,1
userDepositFromExternal,1
userDepositFromExternal,1
userDepositFromExternal,1
userDepositFromExternal,1
userDepositFromExternal,1
userDepositFromExternal,1
userDepositFromExternal,1
userDepositFromExternal,1
userDepositFromExternal,1
userDepositFromExternal,1
userDepositFromExternal,1
userDepositFromExternal,1
userDepositFromExternal,1
userDepositFromExternal,1
userDepositFromExternal,1
userDepositFromExternal,1
userDepositFromExternal,1
userDepositFromExternal,1
userDepositFromExternal,1
userDepositFromExternal,1
userDepositFromExternal,1
userDepositFromExternal,1
userDepositFromExternal,1
userDepositFromExternal,1
userDepositFromExternal,1
userDepositFromExternal,1
userDepositFromExternal,1
userDepositFromExternal,1
userDepositFromExternal,1
userDepositFromExternal,1
userDepositFromExternal,1
userDepositFromExternal,1
userDepositFromExternal,1
userDepositFromExternal,1
userDepositFromExternal,1
userDepositFromExternal,1
userDepositFromExternal,1
userDepositFromExternal,1
userDepositFromExternal,1
userDepositFromExternal,1
userDepositFromExternal,1
userDepositFromExternal,1
userDepositFromExternal,1
userDepositFromExternal,1
userDepositFromExternal,1
userDepositFromExternal,1
userDepositFromExternal,1
userDepositFromExternal,1
userDepositFromExternal,1
userDepositFromExternal,1
userDepositFromExternal,1
userDepositFromExternal,1
userDepositFromExternal,1
userDepositFromExternal,1
userDepositFromExternal,1
userDepositFromExternal,1
userDepositFromExternal,1
userDepositFromExternal,1
userDepositFromExternal,1
userDepositFromExternal,1
userDepositFromExternal,1
userDepositFromExternal,1
userDepositFromExternal,1
userDepositFromExternal,1
userDepositFromExternal,1
userDepositFromExternal,1
userDepositFromExternal,1
userDepositFromExternal,1
userDepositFromExternal,1
userDepositFromExternal,1
userDepositFromExternal,1
userDepositFromExternal,1
userDepositFromExternal,1
userDepositFromExternal,1
userDepositFromExternal,1
userDepositFromExternal,1
userDepositFromExternal,1
userDepositFromExternal,1
userDepositFromExternal,1
userDepositFromExternal,1
userDepositFromExternal,1
userDepositFromExternal,1
userDepositFromExternal,1
userDepositFromExternal,1
userDepositFromExternal,1
userDepositFromExternal,1
userDepositFromExternal,1
userDepositFromExternal,1
userDepositFromExternal,1
userDepositFromExternal,1
userDepositFromExternal,1
userDepositFromExternal,1
userDepositFromExternal,1
userDepositFromExternal,1
userDepositFromExternal,1
userDepositFromExternal,1
userDepositFromExternal,1
userDepositFromExternal,1
userDepositFromExternal,1
userDepositFromExternal,1
userDepositFromExternal,1
userDepositFromExternal,1
userDepositFromExternal,1
userDepositFromExternal,1
userDepositFromExternal,1
userDepositFromExternal,1
userDepositFromExternal,1
userDepositFromExternal,1
userDepositFromExternal,1
userDepositFromExternal,1
userDepositFromExternal,1
userDepositFromExternal,1
userDepositFromExternal,1
userDepositFromExternal,1
userDepositFromExternal,1
userDepositFromExternal,1
userDepositFromExternal,1
userDepositFromExternal,1
userDepositFromExternal,1
userDepositFromExternal,1
userDepositFromExternal,1
userDepositFromExternal,1
userDepositFromExternal,1
userDepositFromExternal,1
userDepositFromExternal,1
userDepositFromExternal,1
userDepositFromExternal,1
userDepositFromExternal,1
userDepositFromExternal,1
userDepositFromExternal,1
userDepositFromExternal,1
userDepositFromExternal,1
userDepositFromExternal,1
userDepositFromExternal,1
userDepositFromExternal,1
userDepositFromExternal,1
userDepositFromExternal,1
