openSession,A
closeSession,A
openSession,A
closeSession,A
openSession,A
closeSession,A
openSession,A
closeSession,A
openSession,A
closeSession,A
openSession,A
closeSession,A
openSession,A
closeSession,A
openSession,A
closeSession,A
openSession,A
closeSession,A
openSession,A
closeSession,A
openSession,A
closeSession,A
openSession,A
closeSession,A
openSession,A
closeSession,A
openSession,A
closeSession,A
openSession,A
closeSession,A
openSession,A
closeSession,A
openSession,A
closeSession,A
openSession,A
closeSession,A
openSession,A
closeSession,A
openSession,A
closeSession,A
openSession,A
closeSession,A
openSession,A
closeSession,A
openSession,A
closeSession,A
openSession,A
closeSession,A
openSession,A
closeSession,A
openSession,A
closeSession,A
openSession,A
closeSession,A
openSession,A
closeSession,A
openSession,A
closeSession,A
openSession,A
closeSession,A
openSession,A
closeSession,A
openSession,A
closeSession,A
openSession,A
closeSession,A
openSession,A
closeSession,A
openSession,A
closeSession,A
openSession,A
closeSession,A
openSession,A
closeSession,A
openSession,A
closeSession,A
openSession,A
closeSession,A
openSession,A
closeSession,A
openSession,A
closeSession,A
openSession,A
closeSession,A
openSession,A
closeSession,A
openSession,A
closeSession,A
openSession,A
closeSession,A
openSession,A
closeSession,A
openSession,A
closeSession,A
openSession,A
closeSession,A
openSession,A
closeSession,A
openSession,A
closeSession,A
openSession,A
closeSession,A
openSession,A
closeSession,A
openSession,A
closeSession,A
openSession,A
closeSession,A
openSession,A
closeSession,A
openSession,A
closeSession,A
openSession,A
closeSession,A
openSession,A
closeSession,A
openSession,A
closeSession,A
openSession,A
closeSession,A
openSession,A
closeSession,A
openSession,A
closeSession,A
openSession,A
closeSession,A
openSession,A
closeSession,A
openSession,A
closeSession,A
openSession,A
closeSession,A
openSession,A
closeSession,A
openSession,A
closeSession,A
openSession,A
closeSession,A
openSession,A
closeSession,A
openSession,A
closeSession,A
openSession,A
closeSession,A
openSession,A
closeSession,A
openSession,A
closeSession,A
openSession,A
closeSession,A
openSession,A
closeSession,A
openSession,A
closeSession,A
openSession,A
closeSession,A
openSession,A
closeSession,A
openSession,A
closeSession,A
openSession,A
closeSession,A
openSession,A
closeSession,A
openSession,A
closeSession,A
openSession,A
closeSession,A
openSession,A
closeSession,A
openSession,A
closeSession,A
openSession,A
closeSession,A
openSession,A
closeSession,A
openSession,A
closeSession,A
openSession,A
closeSession,A
openSession,A
closeSession,A
openSession,A
closeSession,A
openSession,A
closeSession,A
openSession,A
closeSession,A
openSession,A
closeSession,A
openSession,A
closeSession,A
openSession,A
closeSession,A
openSession,A
closeSession,A
openSession,A
closeSession,A
openSession,A
closeSession,A
openSession,A
closeSession,A
openSession,A
closeSession,A
openSession,A
closeSession,A
openSession,A
closeSession,A
openSession,A
closeSession,A
openSession,A
closeSession,A
openSession,A
closeSession,A
openSession,A
closeSession,A
openSession,A
closeSession,A
openSession,A
closeSession,A
openSession,A
closeSession,A
openSession,A
closeSession,A
openSession,A
closeSession,A
openSession,A
closeSession,A
openSession,A
closeSession,A
openSession,A
closeSession,A
openSession,A
closeSession,A
openSession,A
closeSession,A
openSession,A
closeSession,A
openSession,A
closeSession,A
openSession,A
closeSession,A
openSession,A
closeSession,A
openSession,A
closeSession,A
openSession,A
closeSession,A
openSession,A
closeSession,A
openSession,A
closeSession,A
openSession,A
closeSession,A
openSession,A
closeSession,A
openSession,A
closeSession,A
openSession,A
closeSession,A
openSession,A
closeSession,A
openSession,A
closeSession,A
openSession,A
closeSession,A
openSession,A
closeSession,A
openSession,A
closeSession,A
openSession,A
closeSession,A
openSession,A
closeSession,A
openSession,A
closeSession,A
openSession,A
closeSession,A
openSession,A
closeSession,A
openSession,A
closeSession,A
openSession,A
closeSession,A
openSession,A
closeSession,A
openSession,A
closeSession,A
openSession,A
closeSession,A
openSession,A
closeSession,A
openSession,A
closeSession,A
openSession,A
closeSession,A
openSession,A
closeSession,A
openSession,A
closeSession,A
openSession,A
closeSession,A
openSession,A
closeSession,A
openSession,A
closeSession,A
openSession,A
closeSession,A
openSession,A
closeSession,A
openSession,A
closeSession,A
openSession,A
closeSession,A
openSession,A
closeSession,A
openSession,A
closeSession,A
openSession,A
closeSession,A
openSession,A
closeSession,A
openSession,A
closeSession,A
openSession,A
closeSession,A
openSession,A
closeSession,A
openSession,A
closeSession,A
openSession,A
closeSession,A
openSession,A
closeSession,A
openSession,A
closeSession,A
openSession,A
closeSession,A
openSession,A
closeSession,A
openSession,A
closeSession,A
openSession,A
closeSession,A
openSession,A
closeSession,A
openSession,A
closeSession,A
openSession,A
closeSession,A
openSession,A
closeSession,A
openSession,A
closeSession,A
openSession,A
closeSession,A
openSession,A
closeSession,A
openSession,A
closeSession,A
openSession,A
closeSession,A
openSession,A
closeSession,A
openSession,A
closeSession,A
openSession,A
closeSession,A
openSession,A
closeSession,A
openSession,A
closeSession,A
openSession,A
closeSession,A
openSession,A
closeSession,A
openSession,A
closeSession,A
openSession,A
closeSession,A
openSession,A
closeSession,A
openSession,A
closeSession,A
openSession,A
closeSession,A
openSession,A
closeSession,A
openSession,A
closeSession,A
openSession,A
closeSession,A
openSession,A
closeSession,A
openSession,A
closeSession,A
openSession,A
closeSession,A
openSession,A
closeSession,A
openSession,A
closeSession,A
openSession,A
closeSession,A
openSession,A
closeSession,A
openSession,A
closeSession,A
openSession,A
closeSession,A
openSession,A
closeSession,A
openSession,A
closeSession,A
openSession,A
closeSession,A
openSession,A
closeSession,A
openSession,A
closeSession,A
openSession,A
closeSession,A
openSession,A
closeSession,A
openSession,A
closeSession,A
openSession,A
closeSession,A
openSession,A
closeSession,A
openSession,A
closeSession,A
openSession,A
closeSession,A
openSession,A
closeSession,A
openSession,A
closeSession,A
openSession,A
closeSession,A
openSession,A
closeSession,A
openSession,A
closeSession,A
openSession,A
closeSession,A
openSession,A
closeSession,A
openSession,A
closeSession,A
openSession,A
closeSession,A
openSession,A
closeSession,A
openSession,A
closeSession,A
openSession,A
closeSession,A
openSession,A
closeSession,A
openSession,A
closeSession,A
openSession,A
closeSession,A
openSession,A
closeSession,A
openSession,A
closeSession,A
openSession,A
closeSession,A
openSession,A
closeSession,A
openSession,A
closeSession,A
openSession,A
closeSession,A
openSession,A
closeSession,A
openSession,A
closeSession,A
openSession,A
closeSession,A
openSession,A
closeSession,A
openSession,A
closeSession,A
openSession,A
closeSession,A
openSession,A
closeSession,A
openSession,A
closeSession,A
openSession,A
closeSession,A
openSession,A
closeSession,A
openSession,A
closeSession,A
openSession,A
closeSession,A
openSession,A
closeSession,A
openSession,A
closeSession,A
openSession,A
closeSession,A
openSession,A
closeSession,A
openSession,A
closeSession,A
openSession,A
closeSession,A
openSession,A
closeSession,A
openSession,A
closeSession,A
openSession,A
closeSession,A
openSession,A
closeSession,A
openSession,A
closeSession,A
openSession,A
closeSession,A
openSession,A
closeSession,A
openSession,A
closeSession,A
openSession,A
closeSession,A
openSession,A
closeSession,A
openSession,A
closeSession,A
openSession,A
closeSession,A
openSession,A
closeSession,A
openSession,A
closeSession,A
openSession,A
closeSession,A
openSession,A
closeSession,A
openSession,A
closeSession,A
openSession,A
closeSession,A
openSession,A
closeSession,A
openSession,A
closeSession,A
openSession,A
closeSession,A
openSession,A
closeSession,A
openSession,A
closeSession,A
openSession,A
closeSession,A
openSession,A
closeSession,A
openSession,A
closeSession,A
openSession,A
closeSession,A
openSession,A
closeSession,A
openSession,A
closeSession,A
openSession,A
closeSession,A
openSession,A
closeSession,A
openSession,A
closeSession,A
openSession,A
closeSession,A
openSession,A
closeSession,A
openSession,A
closeSession,A
openSession,A
closeSession,A
openSession,A
closeSession,A
openSession,A
closeSession,A
openSession,A
closeSession,A
openSession,A
closeSession,A
openSession,A
closeSession,A
openSession,A
closeSession,A
openSession,A
closeSession,A
openSession,A
closeSession,A
openSession,A
closeSession,A
openSession,A
closeSession,A
openSession,A
closeSession,A
openSession,A
closeSession,A
openSession,A
closeSession,A
openSession,A
closeSession,A
openSession,A
closeSession,A
openSession,A
closeSession,A
openSession,A
closeSession,A
openSession,A
closeSession,A
openSession,A
closeSession,A
openSession,A
closeSession,A
openSession,A
closeSession,A
openSession,A
closeSession,A
openSession,A
closeSession,A
openSession,A
closeSession,A
openSession,A
closeSession,A
openSession,A
closeSession,A
openSession,A
closeSession,A
openSession,A
closeSession,A
openSession,A
closeSession,A
openSession,A
closeSession,A
openSession,A
closeSession,A
openSession,A
closeSession,A
openSession,A
closeSession,A
openSession,A
closeSession,A
openSession,A
closeSession,A
openSession,A
closeSession,A
openSession,A
closeSession,A
openSession,A
closeSession,A
openSession,A
closeSession,A
openSession,A
closeSession,A
openSession,A
closeSession,A
openSession,A
closeSession,A
openSession,A
closeSession,A
openSession,A
closeSession,A
openSession,A
closeSession,A
openSession,A
closeSession,A
openSession,A
closeSession,A
openSession,A
closeSession,A
openSession,A
closeSession,A
openSession,A
closeSession,A
openSession,A
closeSession,A
openSession,A
closeSession,A
openSession,A
closeSession,A
openSession,A
closeSession,A
openSession,A
closeSession,A
openSession,A
closeSession,A
openSession,A
closeSession,A
openSession,A
closeSession,A
openSession,A
closeSession,A
openSession,A
closeSession,A
openSession,A
closeSession,A
openSession,A
closeSession,A
openSession,A
closeSession,A
openSession,A
closeSession,A
openSession,A
closeSession,A
openSession,A
closeSession,A
openSession,A
closeSession,A
openSession,A
closeSession,A
openSession,A
closeSession,A
openSession,A
closeSession,A
openSession,A
closeSession,A
openSession,A
closeSession,A
openSession,A
closeSession,A
openSession,A
closeSession,A
openSession,A
closeSession,A
openSession,A
closeSession,A
openSession,A
closeSession,A
openSession,A
closeSession,A
openSession,A
closeSession,A
openSession,A
closeSession,A
openSession,A
closeSession,A
openSession,A
closeSession,A
openSession,A
closeSession,A
openSession,A
closeSession,A
openSession,A
closeSession,A
openSession,A
closeSession,A
openSession,A
closeSession,A
openSession,A
closeSession,A
openSession,A
closeSession,A
openSession,A
closeSession,A
openSession,A
closeSession,A
openSession,A
closeSession,A
openSession,A
closeSession,A
openSession,A
closeSession,A
openSession,A
closeSession,A
openSession,A
closeSession,A
openSession,A
closeSession,A
openSession,A
closeSession,A
openSession,A
closeSession,A
openSession,A
closeSession,A
openSession,A
closeSession,A
openSession,A
closeSession,A
openSession,A
closeSession,A
openSession,A
closeSession,A
openSession,A
closeSession,A
openSession,A
closeSession,A
openSession,A
closeSession,A
openSession,A
closeSession,A
openSession,A
closeSession,A
openSession,A
closeSession,A
openSession,A
closeSession,A
openSession,A
closeSession,A
openSession,A
closeSession,A
openSession,A
closeSession,A
openSession,A
closeSession,A
openSession,A
closeSession,A
openSession,A
closeSession,A
openSession,A
closeSession,A
openSession,A
closeSession,A
openSession,A
closeSession,A
openSession,A
closeSession,A
openSession,A
closeSession,A
openSession,A
closeSession,A
openSession,A
closeSession,A
openSession,A
closeSession,A
openSession,A
closeSession,A
openSession,A
closeSession,A
openSession,A
closeSession,A
openSession,A
closeSession,A
openSession,A
closeSession,A
openSession,A
closeSession,A
openSession,A
closeSession,A
openSession,A
closeSession,A
openSession,A
closeSession,A
openSession,A
closeSession,A
openSession,A
closeSession,A
openSession,A
closeSession,A
openSession,A
closeSession,A
openSession,A
closeSession,A
openSession,A
closeSession,A
openSession,A
closeSession,A
openSession,A
closeSession,A
openSession,A
closeSession,A
openSession,A
closeSession,A
openSession,A
closeSession,A
openSession,A
closeSession,A
openSession,A
closeSession,A
openSession,A
closeSession,A
openSession,A
closeSession,A
openSession,A
closeSession,A
openSession,A
closeSession,A
openSession,A
closeSession,A
openSession,A
closeSession,A
openSession,A
closeSession,A
openSession,A
closeSession,A
openSession,A
closeSession,A
openSession,A
closeSession,A
openSession,A
closeSession,A
openSession,A
closeSession,A
openSession,A
closeSession,A
openSession,A
closeSession,A
openSession,A
closeSession,A
openSession,A
closeSession,A
openSession,A
closeSession,A
openSession,A
closeSession,A
openSession,A
closeSession,A
openSession,A
closeSession,A
openSession,A
closeSession,A
openSession,A
closeSession,A
openSession,A
closeSession,A
openSession,A
closeSession,A
openSession,A
closeSession,A
openSession,A
closeSession,A
openSession,A
closeSession,A
openSession,A
closeSession,A
openSession,A
closeSession,A
openSession,A
closeSession,A
openSession,A
closeSession,A
openSession,A
closeSession,A
openSession,A
closeSession,A
openSession,A
closeSession,A
openSession,A
closeSession,A
openSession,A
closeSession,A
openSession,A
closeSession,A
openSession,A
closeSession,A
openSession,A
closeSession,A
openSession,A
closeSession,A
openSession,A
closeSession,A
openSession,A
closeSession,A
openSession,A
closeSession,A
openSession,A
closeSession,A
openSession,A
closeSession,A
openSession,A
closeSession,A
openSession,A
closeSession,A
openSession,A
closeSession,A
openSession,A
closeSession,A
openSession,A
closeSession,A
openSession,A
closeSession,A
openSession,A
closeSession,A
openSession,A
closeSession,A
openSession,A
closeSession,A
openSession,A
closeSession,A
openSession,A
closeSession,A
openSession,A
closeSession,A
openSession,A
closeSession,A
openSession,A
closeSession,A
openSession,A
closeSession,A
openSession,A
log,A
